{"cameraMode":{"drawMode":0,"name":"Shaded","section":"Shading Mode"},"sceneLighting":false,"audioPlay":false,"sceneViewState":{"m_AlwaysRefresh":false,"showFog":true,"showSkybox":false,"showFlares":true,"showImageEffects":true,"showParticleSystems":true,"showVisualEffectGraphs":true,"m_FxEnabled":true},"in2DMode":false,"pivot":{"x":495.8429260253906,"y":0.43775349855422976,"z":288.380126953125},"rotation":{"x":-0.3285526931285858,"y":0.015203132294118405,"z":-0.005288807209581137,"w":-0.9443679451942444},"size":0.6062337160110474,"orthographic":false}