{"cameraMode":{"drawMode":0,"name":"Shaded","section":"Shading Mode"},"sceneLighting":false,"audioPlay":false,"sceneViewState":{"m_AlwaysRefresh":false,"showFog":true,"showSkybox":false,"showFlares":true,"showImageEffects":true,"showParticleSystems":true,"showVisualEffectGraphs":true,"m_FxEnabled":true},"in2DMode":false,"pivot":{"x":-0.11682665348052979,"y":0.32936710119247439,"z":-0.07606256008148194},"rotation":{"x":0.17528000473976136,"y":0.13928765058517457,"z":-0.025058552622795106,"w":0.9742965698242188},"size":0.8652848601341248,"orthographic":false}