{"cameraMode":{"drawMode":0,"name":"Shaded","section":"Shading Mode"},"sceneLighting":false,"audioPlay":false,"sceneViewState":{"m_AlwaysRefresh":false,"showFog":true,"showSkybox":false,"showFlares":true,"showImageEffects":true,"showParticleSystems":true,"showVisualEffectGraphs":true,"m_FxEnabled":true},"in2DMode":false,"pivot":{"x":-0.133263498544693,"y":0.13474640250205995,"z":0.6260624527931213},"rotation":{"x":0.17528000473976136,"y":0.13928765058517457,"z":-0.025058552622795106,"w":0.9742965698242188},"size":0.9047086238861084,"orthographic":false}