{"cameraMode":{"drawMode":0,"name":"Shaded","section":"Shading Mode"},"sceneLighting":true,"audioPlay":false,"sceneViewState":{"m_AlwaysRefresh":false,"showFog":true,"showSkybox":true,"showFlares":true,"showImageEffects":true,"showParticleSystems":true,"showVisualEffectGraphs":true,"m_FxEnabled":true},"in2DMode":false,"pivot":{"x":23.596683502197267,"y":-1.0290104150772095,"z":25.47420883178711},"rotation":{"x":-0.02577321231365204,"y":0.9726412892341614,"z":-0.13150595128536225,"w":-0.19028475880622865},"size":7.608602046966553,"orthographic":false}