{"cameraMode":{"drawMode":0,"name":"Shaded","section":"Shading Mode"},"sceneLighting":false,"audioPlay":false,"sceneViewState":{"m_AlwaysRefresh":false,"showFog":true,"showSkybox":false,"showFlares":true,"showImageEffects":true,"showParticleSystems":true,"showVisualEffectGraphs":true,"m_FxEnabled":true},"in2DMode":false,"pivot":{"x":20.508655548095704,"y":0.8257735967636108,"z":30.217058181762697},"rotation":{"x":0.16916316747665406,"y":0.25406137108802798,"z":-0.04518311470746994,"w":0.951211154460907},"size":1.1037920713424683,"orthographic":false}